<desktopflowbinary desktopflowbinaryid="3687fdec-1d10-4aed-a500-4c4aeb31495e">
  <data mimetype="image/png">ControlRepositoryImageFile_3687fdec-1d10-4aed-a500-4c4aeb31495e.png</data>
  <iscustomizable>1</iscustomizable>
  <metadata>{}</metadata>
  <mimetype>image/png</mimetype>
  <name>Desktop flow ui element screenshot</name>
  <process>
    <workflowid>da1ee801-7949-4530-a869-2067daae977d</workflowid>
  </process>
  <reference>controlRepo-screenshots\19d93b18-b9ac-4bd0-9a20-39c0c88dd463.png</reference>
  <statecode>0</statecode>
  <statuscode>1</statuscode>
  <type>ControlRepositoryImageFile</type>
</desktopflowbinary>