<desktopflowbinary desktopflowbinaryid="bf4d22ab-1ba9-4059-a04e-f8c83c27e2cf">
  <data mimetype="image/png">ControlRepositoryImageFile_bf4d22ab-1ba9-4059-a04e-f8c83c27e2cf.png</data>
  <iscustomizable>1</iscustomizable>
  <metadata>{}</metadata>
  <mimetype>image/png</mimetype>
  <name>Desktop flow ui element screenshot</name>
  <process>
    <workflowid>da1ee801-7949-4530-a869-2067daae977d</workflowid>
  </process>
  <reference>controlRepo-screenshots\62f22730-54f9-4018-a504-670c22224c63.png</reference>
  <statecode>0</statecode>
  <statuscode>1</statuscode>
  <type>ControlRepositoryImageFile</type>
</desktopflowbinary>