<desktopflowbinary desktopflowbinaryid="28db189e-ced6-49a0-b2f5-34bb41014611">
  <data mimetype="image/png">ControlRepositoryImageFile_28db189e-ced6-49a0-b2f5-34bb41014611.png</data>
  <iscustomizable>1</iscustomizable>
  <metadata>{}</metadata>
  <mimetype>image/png</mimetype>
  <name>Desktop flow ui element screenshot</name>
  <process>
    <workflowid>da1ee801-7949-4530-a869-2067daae977d</workflowid>
  </process>
  <reference>controlRepo-screenshots\098664df-c2f2-4461-8467-7edd13ddba05.png</reference>
  <statecode>0</statecode>
  <statuscode>1</statuscode>
  <type>ControlRepositoryImageFile</type>
</desktopflowbinary>