<desktopflowbinary desktopflowbinaryid="8da875b7-c669-41c8-8e18-b256a48e1903">
  <data mimetype="image/png">ControlRepositoryImageFile_8da875b7-c669-41c8-8e18-b256a48e1903.png</data>
  <iscustomizable>1</iscustomizable>
  <metadata>{}</metadata>
  <mimetype>image/png</mimetype>
  <name>Desktop flow ui element screenshot</name>
  <process>
    <workflowid>da1ee801-7949-4530-a869-2067daae977d</workflowid>
  </process>
  <reference>controlRepo-screenshots\68d64d1d-622f-4b53-863c-373d893ed1c2.png</reference>
  <statecode>0</statecode>
  <statuscode>1</statuscode>
  <type>ControlRepositoryImageFile</type>
</desktopflowbinary>