<desktopflowbinary desktopflowbinaryid="8f4b1fdf-fcbd-4b06-96a0-32f8ca60ca33">
  <data mimetype="image/png">ControlRepositoryImageFile_8f4b1fdf-fcbd-4b06-96a0-32f8ca60ca33.png</data>
  <iscustomizable>1</iscustomizable>
  <metadata>{}</metadata>
  <mimetype>image/png</mimetype>
  <name>Desktop flow ui element screenshot</name>
  <process>
    <workflowid>da1ee801-7949-4530-a869-2067daae977d</workflowid>
  </process>
  <reference>controlRepo-screenshots\2f197735-578d-43a9-a8b0-ee9f30f8d048.png</reference>
  <statecode>0</statecode>
  <statuscode>1</statuscode>
  <type>ControlRepositoryImageFile</type>
</desktopflowbinary>