<desktopflowbinary desktopflowbinaryid="153402e7-6138-4b85-b0f9-a7c740615217">
  <data mimetype="image/png">ControlRepositoryImageFile_153402e7-6138-4b85-b0f9-a7c740615217.png</data>
  <iscustomizable>1</iscustomizable>
  <metadata>{}</metadata>
  <mimetype>image/png</mimetype>
  <name>Desktop flow ui element screenshot</name>
  <process>
    <workflowid>da1ee801-7949-4530-a869-2067daae977d</workflowid>
  </process>
  <reference>controlRepo-screenshots\b57f5945-6109-4446-93c8-ad089e4e672e.png</reference>
  <statecode>0</statecode>
  <statuscode>1</statuscode>
  <type>ControlRepositoryImageFile</type>
</desktopflowbinary>