<desktopflowbinary desktopflowbinaryid="f4518b26-e894-44d3-b3c4-db929e80b7d1">
  <data mimetype="image/png">ControlRepositoryImageFile_f4518b26-e894-44d3-b3c4-db929e80b7d1.png</data>
  <iscustomizable>1</iscustomizable>
  <metadata>{}</metadata>
  <mimetype>image/png</mimetype>
  <name>Desktop flow ui element screenshot</name>
  <process>
    <workflowid>da1ee801-7949-4530-a869-2067daae977d</workflowid>
  </process>
  <reference>controlRepo-screenshots\64c1f13e-c596-4648-bd02-d12f22746279.png</reference>
  <statecode>0</statecode>
  <statuscode>1</statuscode>
  <type>ControlRepositoryImageFile</type>
</desktopflowbinary>