<desktopflowbinary desktopflowbinaryid="06a04f4c-5152-4da6-a5ac-5af9bdfff1e7">
  <data mimetype="image/png">ControlRepositoryImageFile_06a04f4c-5152-4da6-a5ac-5af9bdfff1e7.png</data>
  <iscustomizable>1</iscustomizable>
  <metadata>{}</metadata>
  <mimetype>image/png</mimetype>
  <name>Desktop flow ui element screenshot</name>
  <process>
    <workflowid>da1ee801-7949-4530-a869-2067daae977d</workflowid>
  </process>
  <reference>controlRepo-screenshots\77e98b64-209a-4a91-8764-f58fe9f824db.png</reference>
  <statecode>0</statecode>
  <statuscode>1</statuscode>
  <type>ControlRepositoryImageFile</type>
</desktopflowbinary>