{
  "Folders": [],
  "Images": [
    {
      "Id": "1cc461ca-6dd1-4a05-b283-b74d4b6ee771",
      "Name": "Image",
      "Screenshot": null,
      "ScreenshotPath": "imageRepo-screenshots\\593c0af4-f285-43aa-b92e-8d070c6df4d7.png"
    },
    {
      "Id": "496f087b-28ae-40a4-960d-250d4c20aa67",
      "Name": "Image_2",
      "Screenshot": null,
      "ScreenshotPath": "imageRepo-screenshots\\6f1af5d4-f71c-4b00-bf8f-9a8dba4ef338.png"
    },
    {
      "Id": "9e79d4ac-aece-48d4-9454-8d508ad958b7",
      "Name": "Image_3",
      "Screenshot": null,
      "ScreenshotPath": "imageRepo-screenshots\\6c47a6d7-d466-402d-89bc-254a8faab5de.png"
    },
    {
      "Id": "d8ff2e02-c5d2-48f1-a3ce-d69e14b8bef2",
      "Name": "Image_4",
      "Screenshot": null,
      "ScreenshotPath": "imageRepo-screenshots\\1c394cbf-b768-4d5b-83f4-9db5d4910355.png"
    }
  ],
  "Version": 1
}