<desktopflowbinary desktopflowbinaryid="06acbc94-508f-4f97-a71c-4843851a3975">
  <data mimetype="application/json">ManifestFile_06acbc94-508f-4f97-a71c-4843851a3975.json</data>
  <iscustomizable>1</iscustomizable>
  <metadata>{}</metadata>
  <mimetype>application/json</mimetype>
  <name>Desktop flow manifest file</name>
  <process>
    <workflowid>d4d3ecf8-164f-43a0-83cd-8a30c24486dc</workflowid>
  </process>
  <reference>flow.manifest</reference>
  <statecode>0</statecode>
  <statuscode>1</statuscode>
  <type>ManifestFile</type>
</desktopflowbinary>