<desktopflowbinary desktopflowbinaryid="6744e0c0-0261-495b-9b5a-0fa87d80ad5b">
  <data mimetype="image/png">ControlRepositoryImageFile_6744e0c0-0261-495b-9b5a-0fa87d80ad5b.png</data>
  <iscustomizable>1</iscustomizable>
  <metadata>{}</metadata>
  <mimetype>image/png</mimetype>
  <name>Desktop flow ui element screenshot</name>
  <process>
    <workflowid>da1ee801-7949-4530-a869-2067daae977d</workflowid>
  </process>
  <reference>controlRepo-screenshots\d04a8175-edc3-4648-a676-982ec09bf54b.png</reference>
  <statecode>0</statecode>
  <statuscode>1</statuscode>
  <type>ControlRepositoryImageFile</type>
</desktopflowbinary>