<desktopflowbinary desktopflowbinaryid="37a19c82-c12f-4aeb-8d88-0860342acf48">
  <data mimetype="image/png">ControlRepositoryImageFile_37a19c82-c12f-4aeb-8d88-0860342acf48.png</data>
  <iscustomizable>1</iscustomizable>
  <metadata>{}</metadata>
  <mimetype>image/png</mimetype>
  <name>Desktop flow ui element screenshot</name>
  <process>
    <workflowid>da1ee801-7949-4530-a869-2067daae977d</workflowid>
  </process>
  <reference>controlRepo-screenshots\711ed03c-551f-49cf-b104-17b3c0e40973.png</reference>
  <statecode>0</statecode>
  <statuscode>1</statuscode>
  <type>ControlRepositoryImageFile</type>
</desktopflowbinary>