<desktopflowbinary desktopflowbinaryid="5e551567-0e83-4799-9433-8531cebdadd5">
  <data mimetype="image/png">ControlRepositoryImageFile_5e551567-0e83-4799-9433-8531cebdadd5.png</data>
  <iscustomizable>1</iscustomizable>
  <metadata>{}</metadata>
  <mimetype>image/png</mimetype>
  <name>Desktop flow ui element screenshot</name>
  <process>
    <workflowid>da1ee801-7949-4530-a869-2067daae977d</workflowid>
  </process>
  <reference>controlRepo-screenshots\bd26810a-0970-4e1e-8634-82ac3a954488.png</reference>
  <statecode>0</statecode>
  <statuscode>1</statuscode>
  <type>ControlRepositoryImageFile</type>
</desktopflowbinary>