<desktopflowbinary desktopflowbinaryid="8ef1f20c-663d-4abb-9151-4a4134abe0c5">
  <data mimetype="image/png">ControlRepositoryImageFile_8ef1f20c-663d-4abb-9151-4a4134abe0c5.png</data>
  <iscustomizable>1</iscustomizable>
  <metadata>{}</metadata>
  <mimetype>image/png</mimetype>
  <name>Desktop flow ui element screenshot</name>
  <process>
    <workflowid>da1ee801-7949-4530-a869-2067daae977d</workflowid>
  </process>
  <reference>controlRepo-screenshots\86cb5325-ab41-4299-b4f6-4d9560939235.png</reference>
  <statecode>0</statecode>
  <statuscode>1</statuscode>
  <type>ControlRepositoryImageFile</type>
</desktopflowbinary>