<desktopflowbinary desktopflowbinaryid="3720dd82-0289-4da0-b58f-ad41c2780524">
  <data mimetype="image/png">ControlRepositoryImageFile_3720dd82-0289-4da0-b58f-ad41c2780524.png</data>
  <iscustomizable>1</iscustomizable>
  <metadata>{}</metadata>
  <mimetype>image/png</mimetype>
  <name>Desktop flow ui element screenshot</name>
  <process>
    <workflowid>da1ee801-7949-4530-a869-2067daae977d</workflowid>
  </process>
  <reference>controlRepo-screenshots\e07ba25d-1059-46f1-9c19-17075b6c0257.png</reference>
  <statecode>0</statecode>
  <statuscode>1</statuscode>
  <type>ControlRepositoryImageFile</type>
</desktopflowbinary>