<desktopflowbinary desktopflowbinaryid="fbabe73c-e77e-4cf0-bcb2-c8fd992c7dab">
  <data mimetype="image/png">ControlRepositoryImageFile_fbabe73c-e77e-4cf0-bcb2-c8fd992c7dab.png</data>
  <iscustomizable>1</iscustomizable>
  <metadata>{}</metadata>
  <mimetype>image/png</mimetype>
  <name>Desktop flow ui element screenshot</name>
  <process>
    <workflowid>da1ee801-7949-4530-a869-2067daae977d</workflowid>
  </process>
  <reference>controlRepo-screenshots\e920005e-00bd-40df-bb54-7b87904b3ef7.png</reference>
  <statecode>0</statecode>
  <statuscode>1</statuscode>
  <type>ControlRepositoryImageFile</type>
</desktopflowbinary>