<desktopflowbinary desktopflowbinaryid="faf1dd29-8e3f-4948-a0c7-38a4881894ea">
  <data mimetype="image/png">ControlRepositoryImageFile_faf1dd29-8e3f-4948-a0c7-38a4881894ea.png</data>
  <iscustomizable>1</iscustomizable>
  <metadata>{}</metadata>
  <mimetype>image/png</mimetype>
  <name>Desktop flow ui element screenshot</name>
  <process>
    <workflowid>da1ee801-7949-4530-a869-2067daae977d</workflowid>
  </process>
  <reference>controlRepo-screenshots\4cda90b2-15a8-4ae1-aa8c-3ab942c5a589.png</reference>
  <statecode>0</statecode>
  <statuscode>1</statuscode>
  <type>ControlRepositoryImageFile</type>
</desktopflowbinary>