<desktopflowbinary desktopflowbinaryid="2eaab653-ffca-4c1c-94fc-7ba6694a05ee">
  <data mimetype="image/png">ImageRepositoryImageFile_2eaab653-ffca-4c1c-94fc-7ba6694a05ee.png</data>
  <iscustomizable>1</iscustomizable>
  <metadata>{}</metadata>
  <mimetype>image/png</mimetype>
  <name>Desktop flow image screenshot</name>
  <process>
    <workflowid>da1ee801-7949-4530-a869-2067daae977d</workflowid>
  </process>
  <reference>imageRepo-screenshots\593c0af4-f285-43aa-b92e-8d070c6df4d7.png</reference>
  <statecode>0</statecode>
  <statuscode>1</statuscode>
  <type>ImageRepositoryImageFile</type>
</desktopflowbinary>