<desktopflowbinary desktopflowbinaryid="2d7cc6d2-9f63-4454-ad1e-27ff9a85ea59">
  <data mimetype="image/png">ControlRepositoryImageFile_2d7cc6d2-9f63-4454-ad1e-27ff9a85ea59.png</data>
  <iscustomizable>1</iscustomizable>
  <metadata>{}</metadata>
  <mimetype>image/png</mimetype>
  <name>Desktop flow ui element screenshot</name>
  <process>
    <workflowid>da1ee801-7949-4530-a869-2067daae977d</workflowid>
  </process>
  <reference>controlRepo-screenshots\bfbb5db0-c536-4c43-9f27-7854719df77b.png</reference>
  <statecode>0</statecode>
  <statuscode>1</statuscode>
  <type>ControlRepositoryImageFile</type>
</desktopflowbinary>