<desktopflowbinary desktopflowbinaryid="7479cbdc-9052-4a6c-9761-934e4ca8860f">
  <data mimetype="image/png">ControlRepositoryImageFile_7479cbdc-9052-4a6c-9761-934e4ca8860f.png</data>
  <iscustomizable>1</iscustomizable>
  <metadata>{}</metadata>
  <mimetype>image/png</mimetype>
  <name>Desktop flow ui element screenshot</name>
  <process>
    <workflowid>da1ee801-7949-4530-a869-2067daae977d</workflowid>
  </process>
  <reference>controlRepo-screenshots\421accd4-e638-4bc9-82d1-d12ad5b3c128.png</reference>
  <statecode>0</statecode>
  <statuscode>1</statuscode>
  <type>ControlRepositoryImageFile</type>
</desktopflowbinary>