<desktopflowbinary desktopflowbinaryid="68653c88-147f-48e8-87a0-4e923b8e2ac1">
  <data mimetype="image/png">ControlRepositoryImageFile_68653c88-147f-48e8-87a0-4e923b8e2ac1.png</data>
  <iscustomizable>1</iscustomizable>
  <metadata>{}</metadata>
  <mimetype>image/png</mimetype>
  <name>Desktop flow ui element screenshot</name>
  <process>
    <workflowid>da1ee801-7949-4530-a869-2067daae977d</workflowid>
  </process>
  <reference>controlRepo-screenshots\250bcd9c-121c-471a-b027-470ba8bf7a41.png</reference>
  <statecode>0</statecode>
  <statuscode>1</statuscode>
  <type>ControlRepositoryImageFile</type>
</desktopflowbinary>