<desktopflowbinary desktopflowbinaryid="934acf69-a1ce-49e6-a5ca-d515337a0196">
  <data mimetype="image/png">ControlRepositoryImageFile_934acf69-a1ce-49e6-a5ca-d515337a0196.png</data>
  <iscustomizable>1</iscustomizable>
  <metadata>{}</metadata>
  <mimetype>image/png</mimetype>
  <name>Desktop flow ui element screenshot</name>
  <process>
    <workflowid>da1ee801-7949-4530-a869-2067daae977d</workflowid>
  </process>
  <reference>controlRepo-screenshots\b23f4539-3aea-4f2e-9b34-5cc1885a63f7.png</reference>
  <statecode>0</statecode>
  <statuscode>1</statuscode>
  <type>ControlRepositoryImageFile</type>
</desktopflowbinary>