<desktopflowbinary desktopflowbinaryid="e0299033-b9ca-423f-8262-b9430f8ae716">
  <data mimetype="application/json">ImageRepository_bba432b8-1d4a-46d2-9644-649b58943461.json</data>
  <iscustomizable>1</iscustomizable>
  <metadata>{}</metadata>
  <mimetype>application/json</mimetype>
  <name>Desktop flow images</name>
  <process>
    <workflowid>d4d3ecf8-164f-43a0-83cd-8a30c24486dc</workflowid>
  </process>
  <reference>imageRepo.imgrepo</reference>
  <statecode>0</statecode>
  <statuscode>1</statuscode>
  <type>ImageRepository</type>
</desktopflowbinary>