<desktopflowbinary desktopflowbinaryid="d91c72b9-3e39-477e-b730-1f35762eacbc">
  <data mimetype="image/png">ControlRepositoryImageFile_d91c72b9-3e39-477e-b730-1f35762eacbc.png</data>
  <iscustomizable>1</iscustomizable>
  <metadata>{}</metadata>
  <mimetype>image/png</mimetype>
  <name>Desktop flow ui element screenshot</name>
  <process>
    <workflowid>da1ee801-7949-4530-a869-2067daae977d</workflowid>
  </process>
  <reference>controlRepo-screenshots\29304736-8c8d-4db0-8ecf-cfd58e1e980a.png</reference>
  <statecode>0</statecode>
  <statuscode>1</statuscode>
  <type>ControlRepositoryImageFile</type>
</desktopflowbinary>