<desktopflowbinary desktopflowbinaryid="67abf57b-0926-4e1c-98a7-773f7f3cd5d2">
  <data mimetype="image/png">ControlRepositoryImageFile_67abf57b-0926-4e1c-98a7-773f7f3cd5d2.png</data>
  <iscustomizable>1</iscustomizable>
  <metadata>{}</metadata>
  <mimetype>image/png</mimetype>
  <name>Desktop flow ui element screenshot</name>
  <process>
    <workflowid>da1ee801-7949-4530-a869-2067daae977d</workflowid>
  </process>
  <reference>controlRepo-screenshots\87860479-3bb0-42c5-9218-42b0602be390.png</reference>
  <statecode>0</statecode>
  <statuscode>1</statuscode>
  <type>ControlRepositoryImageFile</type>
</desktopflowbinary>