<desktopflowbinary desktopflowbinaryid="bf630e9a-d529-4d45-99fa-144b265d3fc4">
  <data mimetype="image/png">ControlRepositoryImageFile_bf630e9a-d529-4d45-99fa-144b265d3fc4.png</data>
  <iscustomizable>1</iscustomizable>
  <metadata>{}</metadata>
  <mimetype>image/png</mimetype>
  <name>Desktop flow ui element screenshot</name>
  <process>
    <workflowid>da1ee801-7949-4530-a869-2067daae977d</workflowid>
  </process>
  <reference>controlRepo-screenshots\d79f1778-0722-4373-afc9-5142f778fd66.png</reference>
  <statecode>0</statecode>
  <statuscode>1</statuscode>
  <type>ControlRepositoryImageFile</type>
</desktopflowbinary>