<desktopflowbinary desktopflowbinaryid="95648b91-3846-405e-87fa-fcdf947bb70c">
  <data mimetype="image/png">ControlRepositoryImageFile_95648b91-3846-405e-87fa-fcdf947bb70c.png</data>
  <iscustomizable>1</iscustomizable>
  <metadata>{}</metadata>
  <mimetype>image/png</mimetype>
  <name>Desktop flow ui element screenshot</name>
  <process>
    <workflowid>da1ee801-7949-4530-a869-2067daae977d</workflowid>
  </process>
  <reference>controlRepo-screenshots\8be11469-ef60-4ee4-819e-e3116948613a.png</reference>
  <statecode>0</statecode>
  <statuscode>1</statuscode>
  <type>ControlRepositoryImageFile</type>
</desktopflowbinary>