<desktopflowbinary desktopflowbinaryid="06ba206c-b9ca-4f11-98d6-66ed2eeca63b">
  <data mimetype="application/json">ManifestFile_06ba206c-b9ca-4f11-98d6-66ed2eeca63b.json</data>
  <iscustomizable>1</iscustomizable>
  <metadata>{}</metadata>
  <mimetype>application/json</mimetype>
  <name>Desktop flow manifest file</name>
  <process>
    <workflowid>da1ee801-7949-4530-a869-2067daae977d</workflowid>
  </process>
  <reference>flow.manifest</reference>
  <statecode>0</statecode>
  <statuscode>1</statuscode>
  <type>ManifestFile</type>
</desktopflowbinary>