<desktopflowbinary desktopflowbinaryid="8e9feb8b-f3f3-4d52-8ba3-a8ab610c98c0">
  <data mimetype="image/png">ControlRepositoryImageFile_8e9feb8b-f3f3-4d52-8ba3-a8ab610c98c0.png</data>
  <iscustomizable>1</iscustomizable>
  <metadata>{}</metadata>
  <mimetype>image/png</mimetype>
  <name>Desktop flow ui element screenshot</name>
  <process>
    <workflowid>da1ee801-7949-4530-a869-2067daae977d</workflowid>
  </process>
  <reference>controlRepo-screenshots\7070cf34-368f-49e3-9d58-c03e34ced7f3.png</reference>
  <statecode>0</statecode>
  <statuscode>1</statuscode>
  <type>ControlRepositoryImageFile</type>
</desktopflowbinary>