<desktopflowbinary desktopflowbinaryid="cdbe5bd5-eb79-476f-9137-c6de34ed8f3e">
  <data mimetype="image/png">ControlRepositoryImageFile_cdbe5bd5-eb79-476f-9137-c6de34ed8f3e.png</data>
  <iscustomizable>1</iscustomizable>
  <metadata>{}</metadata>
  <mimetype>image/png</mimetype>
  <name>Desktop flow ui element screenshot</name>
  <process>
    <workflowid>da1ee801-7949-4530-a869-2067daae977d</workflowid>
  </process>
  <reference>controlRepo-screenshots\3da9e065-d50b-4c35-970e-f819d397ac99.png</reference>
  <statecode>0</statecode>
  <statuscode>1</statuscode>
  <type>ControlRepositoryImageFile</type>
</desktopflowbinary>