<desktopflowbinary desktopflowbinaryid="235df31b-2020-4d2b-b7ad-6b251e696dc7">
  <data mimetype="image/png">ControlRepositoryImageFile_235df31b-2020-4d2b-b7ad-6b251e696dc7.png</data>
  <iscustomizable>1</iscustomizable>
  <metadata>{}</metadata>
  <mimetype>image/png</mimetype>
  <name>Desktop flow ui element screenshot</name>
  <process>
    <workflowid>da1ee801-7949-4530-a869-2067daae977d</workflowid>
  </process>
  <reference>controlRepo-screenshots\c1447adc-9c66-4971-8a87-3c1b8aef7723.png</reference>
  <statecode>0</statecode>
  <statuscode>1</statuscode>
  <type>ControlRepositoryImageFile</type>
</desktopflowbinary>