<desktopflowbinary desktopflowbinaryid="31398c45-c153-465e-86dd-e9d45374f7c0">
  <data mimetype="application/json">ControlRepository_86bd6e83-e9d8-430e-92fc-696d6897b6d6.json</data>
  <iscustomizable>1</iscustomizable>
  <metadata>{}</metadata>
  <mimetype>application/json</mimetype>
  <name>Desktop flow ui elements</name>
  <process>
    <workflowid>d4d3ecf8-164f-43a0-83cd-8a30c24486dc</workflowid>
  </process>
  <reference>controlRepo.appmask</reference>
  <statecode>0</statecode>
  <statuscode>1</statuscode>
  <type>ControlRepository</type>
</desktopflowbinary>