<desktopflowbinary desktopflowbinaryid="834ff600-600e-4b89-aced-df6e04b8f85a">
  <data mimetype="image/png">ControlRepositoryImageFile_834ff600-600e-4b89-aced-df6e04b8f85a.png</data>
  <iscustomizable>1</iscustomizable>
  <metadata>{}</metadata>
  <mimetype>image/png</mimetype>
  <name>Desktop flow ui element screenshot</name>
  <process>
    <workflowid>da1ee801-7949-4530-a869-2067daae977d</workflowid>
  </process>
  <reference>controlRepo-screenshots\46c452bc-4511-48fe-8f8c-68edbc7625dd.png</reference>
  <statecode>0</statecode>
  <statuscode>1</statuscode>
  <type>ControlRepositoryImageFile</type>
</desktopflowbinary>