<desktopflowbinary desktopflowbinaryid="d152968c-a630-4fa1-91bb-fcf05eac8c14">
  <data mimetype="image/png">ControlRepositoryImageFile_d152968c-a630-4fa1-91bb-fcf05eac8c14.png</data>
  <iscustomizable>1</iscustomizable>
  <metadata>{}</metadata>
  <mimetype>image/png</mimetype>
  <name>Desktop flow ui element screenshot</name>
  <process>
    <workflowid>da1ee801-7949-4530-a869-2067daae977d</workflowid>
  </process>
  <reference>controlRepo-screenshots\4be6c82d-3733-40d7-be43-fda323d33041.png</reference>
  <statecode>0</statecode>
  <statuscode>1</statuscode>
  <type>ControlRepositoryImageFile</type>
</desktopflowbinary>