<desktopflowbinary desktopflowbinaryid="51240162-41c3-49e3-b78c-09d7439979c6">
  <data mimetype="image/png">ControlRepositoryImageFile_51240162-41c3-49e3-b78c-09d7439979c6.png</data>
  <iscustomizable>1</iscustomizable>
  <metadata>{}</metadata>
  <mimetype>image/png</mimetype>
  <name>Desktop flow ui element screenshot</name>
  <process>
    <workflowid>da1ee801-7949-4530-a869-2067daae977d</workflowid>
  </process>
  <reference>controlRepo-screenshots\be878872-dfab-40c3-8f87-0cb579b1d450.png</reference>
  <statecode>0</statecode>
  <statuscode>1</statuscode>
  <type>ControlRepositoryImageFile</type>
</desktopflowbinary>