<desktopflowbinary desktopflowbinaryid="01dd897b-de94-4685-bfa2-ec4d6e3bee9b">
  <data mimetype="image/png">ControlRepositoryImageFile_01dd897b-de94-4685-bfa2-ec4d6e3bee9b.png</data>
  <iscustomizable>1</iscustomizable>
  <metadata>{}</metadata>
  <mimetype>image/png</mimetype>
  <name>Desktop flow ui element screenshot</name>
  <process>
    <workflowid>da1ee801-7949-4530-a869-2067daae977d</workflowid>
  </process>
  <reference>controlRepo-screenshots\ae0d8631-dfb4-41cf-b238-440819cc65e2.png</reference>
  <statecode>0</statecode>
  <statuscode>1</statuscode>
  <type>ControlRepositoryImageFile</type>
</desktopflowbinary>