<desktopflowbinary desktopflowbinaryid="20c04d8b-ff43-4cab-818e-bb148c5a3c10">
  <data mimetype="image/png">ControlRepositoryImageFile_20c04d8b-ff43-4cab-818e-bb148c5a3c10.png</data>
  <iscustomizable>1</iscustomizable>
  <metadata>{}</metadata>
  <mimetype>image/png</mimetype>
  <name>Desktop flow ui element screenshot</name>
  <process>
    <workflowid>da1ee801-7949-4530-a869-2067daae977d</workflowid>
  </process>
  <reference>controlRepo-screenshots\4cf44edc-0dc5-4d2b-b885-5ed394c541ed.png</reference>
  <statecode>0</statecode>
  <statuscode>1</statuscode>
  <type>ControlRepositoryImageFile</type>
</desktopflowbinary>