<desktopflowbinary desktopflowbinaryid="4d648419-65cd-4948-9a75-1ce4512615a3">
  <data mimetype="image/png">ControlRepositoryImageFile_4d648419-65cd-4948-9a75-1ce4512615a3.png</data>
  <iscustomizable>1</iscustomizable>
  <metadata>{}</metadata>
  <mimetype>image/png</mimetype>
  <name>Desktop flow ui element screenshot</name>
  <process>
    <workflowid>da1ee801-7949-4530-a869-2067daae977d</workflowid>
  </process>
  <reference>controlRepo-screenshots\f4cab02d-725b-46fc-8b7e-d1e02dc910fc.png</reference>
  <statecode>0</statecode>
  <statuscode>1</statuscode>
  <type>ControlRepositoryImageFile</type>
</desktopflowbinary>