<desktopflowbinary desktopflowbinaryid="93def258-9ea2-4332-a926-4c3cf9ac3749">
  <data mimetype="image/png">ControlRepositoryImageFile_93def258-9ea2-4332-a926-4c3cf9ac3749.png</data>
  <iscustomizable>1</iscustomizable>
  <metadata>{}</metadata>
  <mimetype>image/png</mimetype>
  <name>Desktop flow ui element screenshot</name>
  <process>
    <workflowid>da1ee801-7949-4530-a869-2067daae977d</workflowid>
  </process>
  <reference>controlRepo-screenshots\e86de623-ae7a-4392-8e1d-317f8728b1f5.png</reference>
  <statecode>0</statecode>
  <statuscode>1</statuscode>
  <type>ControlRepositoryImageFile</type>
</desktopflowbinary>