<desktopflowbinary desktopflowbinaryid="074ee02a-0265-4677-bbd1-036de898a81f">
  <data mimetype="image/png">ControlRepositoryImageFile_074ee02a-0265-4677-bbd1-036de898a81f.png</data>
  <iscustomizable>1</iscustomizable>
  <metadata>{}</metadata>
  <mimetype>image/png</mimetype>
  <name>Desktop flow ui element screenshot</name>
  <process>
    <workflowid>da1ee801-7949-4530-a869-2067daae977d</workflowid>
  </process>
  <reference>controlRepo-screenshots\60b533b8-a232-474b-8ce1-afc2e6714cba.png</reference>
  <statecode>0</statecode>
  <statuscode>1</statuscode>
  <type>ControlRepositoryImageFile</type>
</desktopflowbinary>