<desktopflowbinary desktopflowbinaryid="a6851a6f-4165-4e65-b151-42026b062e7c">
  <data mimetype="image/png">ControlRepositoryImageFile_a6851a6f-4165-4e65-b151-42026b062e7c.png</data>
  <iscustomizable>1</iscustomizable>
  <metadata>{}</metadata>
  <mimetype>image/png</mimetype>
  <name>Desktop flow ui element screenshot</name>
  <process>
    <workflowid>da1ee801-7949-4530-a869-2067daae977d</workflowid>
  </process>
  <reference>controlRepo-screenshots\796ddc2c-90ae-47c5-85eb-99ce5a23e50d.png</reference>
  <statecode>0</statecode>
  <statuscode>1</statuscode>
  <type>ControlRepositoryImageFile</type>
</desktopflowbinary>