<ImportExportXml xmlns:xsi="http://www.w3.org/2001/XMLSchema-instance" OrganizationVersion="9.2.24112.182" OrganizationSchemaType="Standard" CRMServerServiceabilityVersion="9.2.24112.00182">
  <Entities></Entities>
  <Roles></Roles>
  <Workflows>
    <Workflow WorkflowId="{d4d3ecf8-164f-43a0-83cd-8a30c24486dc}" Name="BotTimeNew">
      <JsonFileName>/Workflows/BotTimeNew-D4D3ECF8-164F-43A0-83CD-8A30C24486DC.json</JsonFileName>
      <Type>1</Type>
      <Subprocess>0</Subprocess>
      <Category>6</Category>
      <Mode>0</Mode>
      <Scope>4</Scope>
      <OnDemand>0</OnDemand>
      <TriggerOnCreate>0</TriggerOnCreate>
      <TriggerOnDelete>0</TriggerOnDelete>
      <AsyncAutodelete>0</AsyncAutodelete>
      <SyncWorkflowLogOnFailure>0</SyncWorkflowLogOnFailure>
      <StateCode>1</StateCode>
      <StatusCode>2</StatusCode>
      <RunAs>1</RunAs>
      <IsTransacted>1</IsTransacted>
      <IntroducedVersion>1.0</IntroducedVersion>
      <IsCustomizable>1</IsCustomizable>
      <BusinessProcessType>0</BusinessProcessType>
      <UIFlowType>2</UIFlowType>
      <IsCustomProcessingStepAllowedForOtherPublishers>1</IsCustomProcessingStepAllowedForOtherPublishers>
      <Metadata>{"clientversion":"2.46.163.24194","isvalid":true,"$schema":"https://schema.management.azure.com/providers/Microsoft.Logic/schemas/2016-06-01/workflowdefinition.json#","schemaVersion":"ROBIN_20211012","containsActiveConnections":false,"containsGptPredictActions":false,"containsActiveCopilotActions":true,"containsActiveWorkQueuesActions":false,"containsActiveLogMessageActions":false,"multipleRequestsState":0,"scriptType":0,"disableScreenshotCaptureOnError":false,"missingUiElementRepairType":null,"flowTimeout":null}</Metadata>
      <Inputs>{"schema":null}</Inputs>
      <Outputs>{"schema":null}</Outputs>
      <Dependencies>{"childFlows":[],"workQueues":[],"environmentVariables":[],"requiredBinaries":["06acbc94-508f-4f97-a71c-4843851a3975","31398c45-c153-465e-86dd-e9d45374f7c0","e0299033-b9ca-423f-8262-b9430f8ae716","f6722f60-0b40-4546-ae86-1f3a1a34b1c0"]}</Dependencies>
      <ConnectionReferences>[]</ConnectionReferences>
      <Definition>"@@ConnectionString: ''\r\n@@Type: 'Local'\r\n@@DesktopType: 'local'\r\n@@DisplayName: 'Local computer'\r\nIMPORT 'controlRepo.appmask' AS appmask\r\nIMPORT 'imageRepo.imgrepo' AS imgrepo\r\n@SENSITIVE: []\r\nCALL Email_\r\nFUNCTION Email_ GLOBAL\r\n    IF (Folder.IfFolderExists.Exists Path: $'''D:\\\\BotTimeFolder''') THEN\r\n    ELSE\r\n        Folder.Create FolderPath: $'''D:\\\\''' FolderName: $'''BotTimeFolder''' Folder=&gt; NewFolder\r\n    END\r\n    IF (Folder.IfFolderExists.Exists Path: $'''D:\\\\BotTime_ExtractedDetails''') THEN\r\n    ELSE\r\n        Folder.Create FolderPath: $'''D:\\\\''' FolderName: $'''BotTime_ExtractedDetails''' Folder=&gt; ExtratcedFolder\r\n    END\r\n    IF (Folder.IfFolderExists.Exists Path: $'''D:\\\\BotTimeFolderCopy''') THEN\r\n    ELSE\r\n        Folder.Create FolderPath: $'''D:\\\\''' FolderName: $'''BotTimeFolderCopy''' Folder=&gt; NewFolder\r\n    END\r\n    SET Folder TO $'''D:\\\\BotTimeFolder'''\r\n    SET CopyFolder TO $'''D:\\\\BotTimeFolderCopy'''\r\n    SET Extract_folder TO $'''D:\\\\BotTime_ExtractedDetails'''\r\n    SET Month TO $'''Nov'''\r\n    Folder.Empty Folder: Folder\r\n    Folder.Empty Folder: CopyFolder\r\n    Outlook.Launch Instance=&gt; OutlookInstance\r\n    Outlook.RetrieveEmailMessages.RetrieveEmailsAndSaveAttachments Instance: OutlookInstance Account: $'''lokesh.kottakondawar@cyient.com''' MailFolder: $'''AT&amp;T_Onshore''' EmailsToRetrieve: Outlook.RetrieveMessagesMode.All MarkAsRead: False ReadBodyAsHtml: False BodyContains: $'''Bot run time''' SubjectContains: $'''[RPA]-[NDG]-[ATT_ONSHORE]-[SE_INNERDUCT]''' SaveAttachmentsInto: Folder Messages=&gt; RetrievedEmails\r\n    Variables.CreateNewList List=&gt; ActualMonthEMails\r\n    Variables.CreateNewList List=&gt; BotTimeList\r\n    LOOP FOREACH CurrentItem_RetreivedMails IN RetrievedEmails\r\n        SET DateFind TO CurrentItem_RetreivedMails.Date\r\n        Text.ConvertDateTimeToText.FromCustomDateTime DateTime: DateFind CustomFormat: $'''m''' Result=&gt; FormattedDateTime\r\n        DISABLE Display.ShowMessageDialog.ShowMessage Message: $'''%FormattedDateTime%   %Month%''' Icon: Display.Icon.None Buttons: Display.Buttons.OK DefaultButton: Display.DefaultButton.Button1 IsTopMost: True ButtonPressed=&gt; ButtonPressed\r\n        IF Contains(FormattedDateTime, Month, True) THEN\r\n            SET Attachement TO $'''True'''\r\n            BLOCK Attachments\r\nON BLOCK ERROR all\r\n    SET Attachement TO $'''False'''\r\nEND\r\n                Variables.AddItemToList Item: CurrentItem_RetreivedMails.Attachments List: ActualMonthEMails\r\n            END\r\n            IF Attachement = $'''False''' THEN\r\n                Variables.AddItemToList Item: CurrentItem_RetreivedMails.Attachments[0] List: ActualMonthEMails\r\n            END\r\n            SET Attachement TO $'''True'''\r\n            SET CurrentBodyText TO CurrentItem_RetreivedMails.Body\r\n            Text.CropText.CropTextBetweenFlags Text: CurrentBodyText FromFlag: $'''Bot Run time :''' ToFlag: $'''________________________________''' IgnoreCase: False CroppedText=&gt; CroppedText_BodyText IsFlagFound=&gt; IsFlagFound2\r\n            Text.Trim Text: CroppedText_BodyText TrimOption: Text.TrimOption.Both TrimmedText=&gt; TrimmedText_BodyBotTime\r\n            Text.SplitText.Split Text: TrimmedText_BodyBotTime StandardDelimiter: Text.StandardDelimiter.Space DelimiterTimes: 1 Result=&gt; TextList_BodyBottime\r\n            Variables.AddItemToList Item: TextList_BodyBottime List: BotTimeList\r\n        END\r\n    END\r\n    Excel.LaunchExcel.LaunchUnderExistingProcess Visible: False Instance=&gt; ExcelInstance3\r\n    SET BCount TO 1\r\n    LOOP FOREACH CurrentItem3 IN BotTimeList\r\n        Excel.WriteToExcel.WriteCell Instance: ExcelInstance3 Value: CurrentItem3 Column: $'''A''' Row: BCount\r\n        SET BCount TO BCount + 1\r\n    END\r\n    Excel.CloseExcel.CloseAndSaveAs Instance: ExcelInstance3 DocumentFormat: Excel.ExcelFormat.FromExtension DocumentPath: $'''%Extract_folder%\\\\BotTotaltime_Minutes'''\r\n    Folder.GetFiles Folder: Folder FileFilter: $'''*''' IncludeSubfolders: False FailOnAccessDenied: True SortBy1: Folder.SortBy.NoSort SortDescending1: False SortBy2: Folder.SortBy.NoSort SortDescending2: False SortBy3: Folder.SortBy.NoSort SortDescending3: False Files=&gt; Files\r\n    LOOP FOREACH CurrentItem_ActualEmails IN ActualMonthEMails\r\n        Text.CropText.CropTextAfterFlag Text: CurrentItem_ActualEmails FromFlag: $'''%Folder%\\\\''' IgnoreCase: False CroppedText=&gt; CroppedText_ActualEmail IsFlagFound=&gt; IsFlagFound\r\n        Text.Trim Text: CroppedText_ActualEmail TrimOption: Text.TrimOption.Both TrimmedText=&gt; TrimmedText_ActualEmail\r\n        DISABLE Display.ShowMessageDialog.ShowMessage Message: TrimmedText_ActualEmail Icon: Display.Icon.None Buttons: Display.Buttons.OK DefaultButton: Display.DefaultButton.Button1 IsTopMost: True ButtonPressed=&gt; ButtonPressed2\r\n        SET Path TO $'''%Folder%\\\\%TrimmedText_ActualEmail%'''\r\n        DISABLE Display.ShowMessageDialog.ShowMessage Title: $'''path''' Message: Path Icon: Display.Icon.None Buttons: Display.Buttons.OK DefaultButton: Display.DefaultButton.Button1 IsTopMost: True ButtonPressed=&gt; ButtonPressed\r\n        File.Copy Files: Path Destination: CopyFolder IfFileExists: File.IfExists.DoNothing CopiedFiles=&gt; CopiedFiles\r\n        ON ERROR\r\n\r\n        END\r\n    END\r\n    BLOCK Extract\r\nON BLOCK ERROR\r\n    CALL Script_\r\n    THROW ERROR\r\nEND\r\n        **REGION Extracting\r\n        Folder.GetFiles Folder: CopyFolder FileFilter: $'''*''' IncludeSubfolders: False FailOnAccessDenied: True SortBy1: Folder.SortBy.NoSort SortDescending1: False SortBy2: Folder.SortBy.NoSort SortDescending2: False SortBy3: Folder.SortBy.NoSort SortDescending3: False Files=&gt; Files_Copied\r\n        SET Flag_ TO 0\r\n        SET RCount_ TO 1\r\n        Excel.LaunchExcel.LaunchUnderExistingProcess Visible: False Instance=&gt; ExcelInstance2\r\n        LOOP FOREACH CurrentItem_CopiedFiles IN Files_Copied\r\n            IF Contains(CurrentItem_CopiedFiles.FullName, $'''xlsx''', False) THEN\r\n                IF Flag_ = 0 THEN\r\n                    Excel.LaunchExcel.LaunchAndOpenUnderExistingProcess Path: CurrentItem_CopiedFiles.FullName Visible: False ReadOnly: False Instance=&gt; ExcelInstance\r\n                    Excel.ReadFromExcel.ReadAllCells Instance: ExcelInstance ReadAsText: False FirstLineIsHeader: False RangeValue=&gt; ExcelData_CopiedFiles\r\n                    Excel.CloseExcel.Close Instance: ExcelInstance\r\n                    GOTO WriteHere\r\n                END\r\n                Excel.LaunchExcel.LaunchAndOpenUnderExistingProcess Path: CurrentItem_CopiedFiles.FullName Visible: False ReadOnly: False Instance=&gt; ExcelInstance\r\n                Excel.ReadFromExcel.ReadAllCells Instance: ExcelInstance ReadAsText: False FirstLineIsHeader: True RangeValue=&gt; ExcelData_CopiedFiles\r\n                Excel.CloseExcel.Close Instance: ExcelInstance\r\n                LABEL WriteHere\r\n                Excel.WriteToExcel.WriteCell Instance: ExcelInstance2 Value: ExcelData_CopiedFiles Column: $'''A''' Row: RCount_\r\n                DISABLE LOOP FOREACH CurrentItem_ExcelCopied IN ExcelData_CopiedFiles\r\n                DISABLE END\r\n                IF Flag_ = 0 THEN\r\n                    SET Flag_ TO 1\r\n                    SET RCount_ TO RCount_ + 1\r\n                END\r\n                SET RCount_ TO RCount_ + 1\r\n            END\r\n        END\r\n        SET R1Count TO 1\r\n        Excel.WriteToExcel.WriteCell Instance: ExcelInstance2 Value: $'''BotTime''' Column: $'''O''' Row: 1\r\n        SET R1Count TO R1Count + 1\r\n        LOOP FOREACH CurrentItem_BotList IN BotTimeList\r\n            Excel.WriteToExcel.WriteCell Instance: ExcelInstance2 Value: CurrentItem_BotList Column: $'''O''' Row: R1Count\r\n            SET R1Count TO R1Count + 1\r\n        END\r\n        Excel.CloseExcel.CloseAndSaveAs Instance: ExcelInstance2 DocumentFormat: Excel.ExcelFormat.FromExtension DocumentPath: $'''%Extract_folder%\\\\AllMonthDetails'''\r\n        **ENDREGION\r\n    END\r\nEND FUNCTION\r\nFUNCTION Email__copy GLOBAL\r\n    IF (Folder.IfFolderExists.Exists Path: $'''D:\\\\BotTimeFolder''') THEN\r\n    ELSE\r\n        Folder.Create FolderPath: $'''D:\\\\''' FolderName: $'''BotTimeFolder''' Folder=&gt; NewFolder\r\n    END\r\n    IF (Folder.IfFolderExists.Exists Path: $'''D:\\\\BotTimeFolderCopy''') THEN\r\n    ELSE\r\n        Folder.Create FolderPath: $'''D:\\\\''' FolderName: $'''BotTimeFolderCopy''' Folder=&gt; NewFolder\r\n    END\r\n    SET Folder TO $'''D:\\\\BotTimeFolder'''\r\n    SET CopyFolder TO $'''D:\\\\BotTimeFolderCopy'''\r\n    SET Month TO $'''Nov'''\r\n    Folder.Empty Folder: Folder\r\n    Folder.Empty Folder: CopyFolder\r\n    Outlook.Launch Instance=&gt; OutlookInstance\r\n    Outlook.RetrieveEmailMessages.RetrieveEmailsAndSaveAttachments Instance: OutlookInstance Account: $'''lokesh.kottakondawar@cyient.com''' MailFolder: $'''AT&amp;T_Onshore''' EmailsToRetrieve: Outlook.RetrieveMessagesMode.All MarkAsRead: False ReadBodyAsHtml: False BodyContains: $'''Bot run time''' SubjectContains: $'''[RPA]-[NDG]-[ATT_ONSHORE]-[SE_INNERDUCT]''' SaveAttachmentsInto: Folder Messages=&gt; RetrievedEmails\r\n    Variables.CreateNewList List=&gt; ActualMonthEMails\r\n    Variables.CreateNewList List=&gt; BotTimeList\r\n    LOOP FOREACH CurrentItem_RetreivedMails IN RetrievedEmails\r\n        SET DateFind TO CurrentItem_RetreivedMails.Date\r\n        Text.ConvertDateTimeToText.FromCustomDateTime DateTime: DateFind CustomFormat: $'''m''' Result=&gt; FormattedDateTime\r\n        DISABLE Display.ShowMessageDialog.ShowMessage Message: $'''%FormattedDateTime%   %Month%''' Icon: Display.Icon.None Buttons: Display.Buttons.OK DefaultButton: Display.DefaultButton.Button1 IsTopMost: True ButtonPressed=&gt; ButtonPressed\r\n        IF Contains(FormattedDateTime, Month, True) THEN\r\n            SET Attachement TO $'''True'''\r\n            BLOCK Attachments\r\nON BLOCK ERROR all\r\n    SET Attachement TO $'''False'''\r\nEND\r\n                Variables.AddItemToList Item: CurrentItem_RetreivedMails.Attachments List: ActualMonthEMails\r\n            END\r\n            IF Attachement = $'''False''' THEN\r\n                Variables.AddItemToList Item: CurrentItem_RetreivedMails.Attachments[0] List: ActualMonthEMails\r\n            END\r\n            SET Attachement TO $'''True'''\r\n            SET CurrentBodyText TO CurrentItem_RetreivedMails.Body\r\n            Text.CropText.CropTextBetweenFlags Text: CurrentBodyText FromFlag: $'''Bot Run time :''' ToFlag: $'''________________________________''' IgnoreCase: False CroppedText=&gt; CroppedText_BodyText IsFlagFound=&gt; IsFlagFound2\r\n            Text.Trim Text: CroppedText_BodyText TrimOption: Text.TrimOption.Both TrimmedText=&gt; TrimmedText_BodyBotTime\r\n            Text.SplitText.Split Text: TrimmedText_BodyBotTime StandardDelimiter: Text.StandardDelimiter.Space DelimiterTimes: 1 Result=&gt; TextList_BodyBottime\r\n            Variables.AddItemToList Item: TextList_BodyBottime List: BotTimeList\r\n        END\r\n    END\r\n    Excel.LaunchExcel.LaunchUnderExistingProcess Visible: False Instance=&gt; ExcelInstance3\r\n    SET BCount TO 1\r\n    LOOP FOREACH CurrentItem3 IN BotTimeList\r\n        Excel.WriteToExcel.WriteCell Instance: ExcelInstance3 Value: CurrentItem3 Column: $'''A''' Row: BCount\r\n        SET BCount TO BCount + 1\r\n    END\r\n    Excel.CloseExcel.CloseAndSaveAs Instance: ExcelInstance3 DocumentFormat: Excel.ExcelFormat.FromExtension DocumentPath: $'''%CopyFolder%\\\\BotTotaltime_Minutes'''\r\n    Folder.GetFiles Folder: Folder FileFilter: $'''*''' IncludeSubfolders: False FailOnAccessDenied: True SortBy1: Folder.SortBy.NoSort SortDescending1: False SortBy2: Folder.SortBy.NoSort SortDescending2: False SortBy3: Folder.SortBy.NoSort SortDescending3: False Files=&gt; Files\r\n    LOOP FOREACH CurrentItem_ActualEmails IN ActualMonthEMails\r\n        Text.CropText.CropTextAfterFlag Text: CurrentItem_ActualEmails FromFlag: $'''%Folder%\\\\''' IgnoreCase: False CroppedText=&gt; CroppedText_ActualEmail IsFlagFound=&gt; IsFlagFound\r\n        Text.Trim Text: CroppedText_ActualEmail TrimOption: Text.TrimOption.Both TrimmedText=&gt; TrimmedText_ActualEmail\r\n        DISABLE Display.ShowMessageDialog.ShowMessage Message: TrimmedText_ActualEmail Icon: Display.Icon.None Buttons: Display.Buttons.OK DefaultButton: Display.DefaultButton.Button1 IsTopMost: True ButtonPressed=&gt; ButtonPressed2\r\n        SET Path TO $'''%Folder%\\\\%TrimmedText_ActualEmail%'''\r\n        DISABLE Display.ShowMessageDialog.ShowMessage Title: $'''path''' Message: Path Icon: Display.Icon.None Buttons: Display.Buttons.OK DefaultButton: Display.DefaultButton.Button1 IsTopMost: True ButtonPressed=&gt; ButtonPressed\r\n        File.Copy Files: Path Destination: CopyFolder IfFileExists: File.IfExists.DoNothing CopiedFiles=&gt; CopiedFiles\r\n        ON ERROR\r\n\r\n        END\r\n    END\r\n    BLOCK Extract\r\nON BLOCK ERROR\r\n    CALL Script_\r\n    THROW ERROR\r\nEND\r\n        **REGION Extracting\r\n        Folder.GetFiles Folder: CopyFolder FileFilter: $'''*''' IncludeSubfolders: False FailOnAccessDenied: True SortBy1: Folder.SortBy.NoSort SortDescending1: False SortBy2: Folder.SortBy.NoSort SortDescending2: False SortBy3: Folder.SortBy.NoSort SortDescending3: False Files=&gt; Files_Copied\r\n        SET Flag_ TO 0\r\n        SET RCount_ TO 1\r\n        Excel.LaunchExcel.LaunchUnderExistingProcess Visible: False Instance=&gt; ExcelInstance2\r\n        LOOP FOREACH CurrentItem_CopiedFiles IN Files_Copied\r\n            IF Contains(CurrentItem_CopiedFiles.FullName, $'''xlsx''', False) THEN\r\n                IF Flag_ = 0 THEN\r\n                    Excel.LaunchExcel.LaunchAndOpenUnderExistingProcess Path: CurrentItem_CopiedFiles.FullName Visible: False ReadOnly: False Instance=&gt; ExcelInstance\r\n                    Excel.ReadFromExcel.ReadAllCells Instance: ExcelInstance ReadAsText: False FirstLineIsHeader: False RangeValue=&gt; ExcelData_CopiedFiles\r\n                    Excel.CloseExcel.Close Instance: ExcelInstance\r\n                    GOTO WriteHere\r\n                END\r\n                Excel.LaunchExcel.LaunchAndOpenUnderExistingProcess Path: CurrentItem_CopiedFiles.FullName Visible: False ReadOnly: False Instance=&gt; ExcelInstance\r\n                Excel.ReadFromExcel.ReadAllCells Instance: ExcelInstance ReadAsText: False FirstLineIsHeader: True RangeValue=&gt; ExcelData_CopiedFiles\r\n                Excel.CloseExcel.Close Instance: ExcelInstance\r\n                LABEL WriteHere\r\n                Excel.WriteToExcel.WriteCell Instance: ExcelInstance2 Value: ExcelData_CopiedFiles Column: $'''A''' Row: RCount_\r\n                DISABLE LOOP FOREACH CurrentItem_ExcelCopied IN ExcelData_CopiedFiles\r\n                DISABLE END\r\n                IF Flag_ = 0 THEN\r\n                    SET Flag_ TO 1\r\n                    SET RCount_ TO RCount_ + 1\r\n                END\r\n                SET RCount_ TO RCount_ + 1\r\n            END\r\n        END\r\n        SET R1Count TO 1\r\n        Excel.WriteToExcel.WriteCell Instance: ExcelInstance2 Value: $'''BotTime''' Column: $'''O''' Row: 1\r\n        SET R1Count TO R1Count + 1\r\n        LOOP FOREACH CurrentItem_BotList IN BotTimeList\r\n            Excel.WriteToExcel.WriteCell Instance: ExcelInstance2 Value: CurrentItem_BotList Column: $'''O''' Row: R1Count\r\n            SET R1Count TO R1Count + 1\r\n        END\r\n        Excel.CloseExcel.CloseAndSaveAs Instance: ExcelInstance2 DocumentFormat: Excel.ExcelFormat.FromExtension DocumentPath: $'''%CopyFolder%\\\\AllMonthDetails'''\r\n        **ENDREGION\r\n    END\r\nEND FUNCTION\r\nFUNCTION MergeFolder GLOBAL\r\n    **REGION Merge\r\n    SET Folder TO $'''D:\\\\BotTimeFolder'''\r\n    Folder.GetFiles Folder: Folder FileFilter: $'''*''' IncludeSubfolders: False FailOnAccessDenied: True SortBy1: Folder.SortBy.NoSort SortDescending1: False SortBy2: Folder.SortBy.NoSort SortDescending2: False SortBy3: Folder.SortBy.NoSort SortDescending3: False Files=&gt; Files2\r\n    SET Flag TO 0\r\n    Excel.LaunchExcel.LaunchUnderExistingProcess Visible: False Instance=&gt; ExcelInstance6\r\n    SET Rcount TO 1\r\n    LOOP FOREACH CurrentItem IN Files2\r\n        IF Contains(CurrentItem, $'''xlsx''', False) THEN\r\n            IF Flag = 0 THEN\r\n                Excel.LaunchExcel.LaunchAndOpenUnderExistingProcess Path: CurrentItem Visible: False ReadOnly: False Instance=&gt; ExcelInstance5\r\n                Excel.ReadFromExcel.ReadAllCells Instance: ExcelInstance5 ReadAsText: False FirstLineIsHeader: False RangeValue=&gt; ExcelData3\r\n                DISABLE Display.ShowMessageDialog.ShowMessage Message: ExcelData3 Icon: Display.Icon.None Buttons: Display.Buttons.OK DefaultButton: Display.DefaultButton.Button1 IsTopMost: True ButtonPressed=&gt; ButtonPressed4\r\n                Excel.CloseExcel.Close Instance: ExcelInstance5\r\n                GOTO firstwrite\r\n            END\r\n            Excel.LaunchExcel.LaunchAndOpenUnderExistingProcess Path: CurrentItem Visible: False ReadOnly: False Instance=&gt; ExcelInstance5\r\n            Excel.ReadFromExcel.ReadAllCells Instance: ExcelInstance5 ReadAsText: False FirstLineIsHeader: True RangeValue=&gt; ExcelData3\r\n            DISABLE Display.ShowMessageDialog.ShowMessage Message: ExcelData3 Icon: Display.Icon.None Buttons: Display.Buttons.OK DefaultButton: Display.DefaultButton.Button1 IsTopMost: True ButtonPressed=&gt; ButtonPressed4\r\n            Excel.CloseExcel.Close Instance: ExcelInstance5\r\n            LABEL firstwrite\r\n            DISABLE Display.ShowMessageDialog.ShowMessageWithTimeout Title: $'''Rcount''' Message: Rcount Icon: Display.Icon.None Buttons: Display.Buttons.OK DefaultButton: Display.DefaultButton.Button1 IsTopMost: True Timeout: 2 ButtonPressed=&gt; ButtonPressed3\r\n            Excel.WriteToExcel.WriteCell Instance: ExcelInstance6 Value: ExcelData3 Column: $'''A''' Row: Rcount\r\n            IF Flag = 0 THEN\r\n                SET flag TO 1\r\n                SET Rcount TO Rcount + 1\r\n            END\r\n            SET Rcount TO Rcount + 1\r\n        END\r\n    END\r\n    Excel.CloseExcel.CloseAndSaveAs Instance: ExcelInstance6 DocumentFormat: Excel.ExcelFormat.FromExtension DocumentPath: $'''%Folder%\\\\AllDetails'''\r\n    **ENDREGION\r\nEND FUNCTION\r\nFUNCTION Script_ GLOBAL\r\n    @@copilotGeneratedAction: 'True'\r\nScripting.RunVBScript.RunVBScript VBScriptCode: $'''\\' This code has been generated by AI. Original prompt:\r\n\\' read all the excel files in the folder and count the j column for all excels and k column for all the excels and print the total count for j and k columns\r\nDim objFSO, objFolder, objFile, objExcel, objWorkbook, objSheet\r\nDim folderPath, totalJCount, totalKCount, lastRowJ, lastRowK\r\n\r\nfolderPath =\\\"D:\\\\BotTimeFolderCopy\\\" \\' Replace with the path to your folder\r\ntotalJCount = 0\r\ntotalKCount = 0\r\ntotalLCount = 0\r\n\r\nSet objFSO = CreateObject(\\\"Scripting.FileSystemObject\\\")\r\nSet objFolder = objFSO.GetFolder(folderPath)\r\nSet objExcel = CreateObject(\\\"Excel.Application\\\")\r\nobjExcel.Visible = False\r\n\r\nFor Each objFile In objFolder.Files\r\n    If LCase(Right(objFile.Name, 5)) = \\\".xlsx\\\" Or LCase(Right(objFile.Name, 4)) = \\\".xls\\\" Then\r\n        Set objWorkbook = objExcel.Workbooks.Open(objFile.Path)\r\n        Set objSheet = objWorkbook.Sheets(1) \\' Assuming data is in the first sheet\r\n\r\n        \\' Count non-empty cells in column J\r\n        lastRowJ = objSheet.Cells(objSheet.Rows.Count, 10).End(-4162).Row \\' -4162 is xlUp\r\n        For i = 1 To lastRowJ\r\n            If objSheet.Cells(i, 10).Value &lt;&gt; \\\"\\\" Then\r\n                totalJCount = totalJCount + 1\r\n            End If\r\n        Next\r\n\r\n        \\' Count non-empty cells in column K\r\n        lastRowK = objSheet.Cells(objSheet.Rows.Count, 11).End(-4162).Row \\' -4162 is xlUp\r\n        For i = 1 To lastRowK\r\n            If objSheet.Cells(i, 11).Value &lt;&gt; \\\"\\\" Then\r\n                totalKCount = totalKCount + 1\r\n            End If\r\n        Next\r\n        \r\n        \\' Count non-empty cells in column L\r\n        lastRowL = objSheet.Cells(objSheet.Rows.Count, 12).End(-4162).Row \\' -4162 is xlUp\r\n        For i = 1 To lastRowL\r\n            If objSheet.Cells(i, 12).Value &lt;&gt; \\\"\\\" Then\r\n                totalLCount = totalLCount + 1\r\n            End If\r\n        Next\r\n\r\n        objWorkbook.Close False\r\n    End If\r\nNext\r\n\r\nobjExcel.Quit\r\n\r\nWScript.Echo \\\"Total count for column J (No of jobs): \\\" &amp; totalJCount\r\nWScript.Echo \\\"Total count for column K (No of success jobs): \\\" &amp; totalKCount\r\nWScript.Echo \\\"Total count for column L (No of exceptions jobs): \\\" &amp; totalLCount''' ScriptOutput=&gt; VBScriptOutput4\r\n    ON ERROR\r\n\r\n    END\r\n    @@copilotGeneratedAction: 'True'\r\nScripting.RunVBScript.RunVBScript VBScriptCode: $'''Sub CountColumnsJtoL()\r\n    Dim folderPath As String\r\n    Dim fileName As String\r\n    Dim wb As Workbook\r\n    Dim ws As Worksheet\r\n    Dim totalJ As Double, totalK As Double, totalL As Double\r\n    Dim lastRowJ As Long, lastRowK As Long, lastRowL As Long\r\n    Dim reportMsg As String\r\n\r\n    \\' Set the folder path (adjust this path dynamically via PAD if needed)\r\n    folderPath = \\\"D:\\\\BotTimeFolderCopy\\\" \\' Replace with your folder path\r\n\r\n    \\' Ensure the folder path ends with a backslash\r\n    If Right(folderPath, 1) &lt;&gt; \\\"\\\\\\\" Then folderPath = folderPath &amp; \\\"\\\\\\\"\r\n\r\n    \\' Initialize report message\r\n    reportMsg = \\\"Excel File Totals:\\\" &amp; vbCrLf\r\n\r\n    \\' Get the first Excel file in the folder\r\n    fileName = Dir(folderPath &amp; \\\"*.xls*\\\")\r\n    \r\n    \\' Loop through all Excel files in the folder\r\n    Do While fileName &lt;&gt; \\\"\\\"\r\n        \\' Open the workbook\r\n        Set wb = Workbooks.Open(folderPath &amp; fileName)\r\n        totalJ = 0\r\n        totalK = 0\r\n        totalL = 0\r\n\r\n        \\' Loop through all worksheets in the workbook\r\n        For Each ws In wb.Sheets\r\n            \\' Find the last row for columns J, K, and L\r\n            lastRowJ = ws.Cells(ws.Rows.Count, 10).End(xlUp).Row \\' Column J\r\n            lastRowK = ws.Cells(ws.Rows.Count, 11).End(xlUp).Row \\' Column K\r\n            lastRowL = ws.Cells(ws.Rows.Count, 12).End(xlUp).Row \\' Column L\r\n            \r\n            \\' Sum the values in columns J, K, and L\r\n            totalJ = totalJ + Application.WorksheetFunction.Sum(ws.Range(ws.Cells(2, 10), ws.Cells(lastRowJ, 10)))\r\n            totalK = totalK + Application.WorksheetFunction.Sum(ws.Range(ws.Cells(2, 11), ws.Cells(lastRowK, 11)))\r\n            totalL = totalL + Application.WorksheetFunction.Sum(ws.Range(ws.Cells(2, 12), ws.Cells(lastRowL, 12)))\r\n        Next ws\r\n\r\n        \\' Append the totals to the report\r\n        reportMsg = reportMsg &amp; fileName &amp; \\\": \\\" &amp; _\r\n                    \\\"Total J = \\\" &amp; totalJ &amp; \\\", \\\" &amp; _\r\n                    \\\"Total K = \\\" &amp; totalK &amp; \\\", \\\" &amp; _\r\n                    \\\"Total L = \\\" &amp; totalL &amp; vbCrLf\r\n\r\n        \\' Close the workbook without saving\r\n        wb.Close SaveChanges:=False\r\n\r\n        \\' Get the next file\r\n        fileName = Dir\r\n    Loop\r\n    \r\n    \\' Display the final report message\r\n    MsgBox reportMsg, vbInformation, \\\"Column Totals Report\\\"\r\nEnd Sub\r\n''' ScriptOutput=&gt; VBScriptOutput\r\n    ON ERROR\r\n\r\n    END\r\nEND FUNCTION\r\nFUNCTION test GLOBAL\r\n    SET data TO $'''lokesh.kottakondawar@cyient.com\r\n\r\nAT&amp;T_Onshore\r\n'''\r\nEND FUNCTION\r\n"</Definition>
      <SchemaVersion>2022.07</SchemaVersion>
      <DesktopFlowModules>[]</DesktopFlowModules>
      <PrimaryEntity>none</PrimaryEntity>
      <LocalizedNames>
        <LocalizedName languagecode="1033" description="BotTimeNew" />
      </LocalizedNames>
    </Workflow>
  </Workflows>
  <FieldSecurityProfiles></FieldSecurityProfiles>
  <Templates />
  <EntityMaps />
  <EntityRelationships />
  <OrganizationSettings />
  <optionsets />
  <CustomControls />
  <EntityDataProviders />
  <Languages>
    <Language>1033</Language>
  </Languages>
</ImportExportXml>