<desktopflowbinary desktopflowbinaryid="825775aa-a203-44eb-b8a6-3901453c9f9d">
  <data mimetype="application/json">ControlRepository_69be6a04-1c7c-4947-9cd6-1d3ee21ad6eb.json</data>
  <iscustomizable>1</iscustomizable>
  <metadata>{}</metadata>
  <mimetype>application/json</mimetype>
  <name>Desktop flow ui elements</name>
  <process>
    <workflowid>da1ee801-7949-4530-a869-2067daae977d</workflowid>
  </process>
  <reference>controlRepo.appmask</reference>
  <statecode>0</statecode>
  <statuscode>1</statuscode>
  <type>ControlRepository</type>
</desktopflowbinary>