<desktopflowbinary desktopflowbinaryid="bcd44c44-17ce-44d2-a91f-1fa53bed63f1">
  <data mimetype="image/png">ControlRepositoryImageFile_bcd44c44-17ce-44d2-a91f-1fa53bed63f1.png</data>
  <iscustomizable>1</iscustomizable>
  <metadata>{}</metadata>
  <mimetype>image/png</mimetype>
  <name>Desktop flow ui element screenshot</name>
  <process>
    <workflowid>da1ee801-7949-4530-a869-2067daae977d</workflowid>
  </process>
  <reference>controlRepo-screenshots\36f13702-627d-493b-b87c-63ba0d34df92.png</reference>
  <statecode>0</statecode>
  <statuscode>1</statuscode>
  <type>ControlRepositoryImageFile</type>
</desktopflowbinary>