<desktopflowbinary desktopflowbinaryid="cd60bc1d-4cbc-4e2f-a29b-beee6d98b122">
  <data mimetype="image/png">ControlRepositoryImageFile_cd60bc1d-4cbc-4e2f-a29b-beee6d98b122.png</data>
  <iscustomizable>1</iscustomizable>
  <metadata>{}</metadata>
  <mimetype>image/png</mimetype>
  <name>Desktop flow ui element screenshot</name>
  <process>
    <workflowid>da1ee801-7949-4530-a869-2067daae977d</workflowid>
  </process>
  <reference>controlRepo-screenshots\e745800a-87de-46c3-bd39-2e75e6c90b69.png</reference>
  <statecode>0</statecode>
  <statuscode>1</statuscode>
  <type>ControlRepositoryImageFile</type>
</desktopflowbinary>