<desktopflowbinary desktopflowbinaryid="3a8c0965-bc7c-4562-af3c-c82eb1837696">
  <data mimetype="image/png">ControlRepositoryImageFile_3a8c0965-bc7c-4562-af3c-c82eb1837696.png</data>
  <iscustomizable>1</iscustomizable>
  <metadata>{}</metadata>
  <mimetype>image/png</mimetype>
  <name>Desktop flow ui element screenshot</name>
  <process>
    <workflowid>da1ee801-7949-4530-a869-2067daae977d</workflowid>
  </process>
  <reference>controlRepo-screenshots\a4ad579b-daaf-4cb4-813d-80be5362852d.png</reference>
  <statecode>0</statecode>
  <statuscode>1</statuscode>
  <type>ControlRepositoryImageFile</type>
</desktopflowbinary>