<desktopflowbinary desktopflowbinaryid="86ae8115-6b3b-4dce-ad6f-cceafe0d4a57">
  <data mimetype="image/png">ControlRepositoryImageFile_86ae8115-6b3b-4dce-ad6f-cceafe0d4a57.png</data>
  <iscustomizable>1</iscustomizable>
  <metadata>{}</metadata>
  <mimetype>image/png</mimetype>
  <name>Desktop flow ui element screenshot</name>
  <process>
    <workflowid>da1ee801-7949-4530-a869-2067daae977d</workflowid>
  </process>
  <reference>controlRepo-screenshots\7003d230-00fb-4306-954c-5911f8ea45c9.png</reference>
  <statecode>0</statecode>
  <statuscode>1</statuscode>
  <type>ControlRepositoryImageFile</type>
</desktopflowbinary>