<desktopflowbinary desktopflowbinaryid="37167532-f3df-4532-ab44-ec3fb93321b1">
  <data mimetype="image/png">ControlRepositoryImageFile_37167532-f3df-4532-ab44-ec3fb93321b1.png</data>
  <iscustomizable>1</iscustomizable>
  <metadata>{}</metadata>
  <mimetype>image/png</mimetype>
  <name>Desktop flow ui element screenshot</name>
  <process>
    <workflowid>da1ee801-7949-4530-a869-2067daae977d</workflowid>
  </process>
  <reference>controlRepo-screenshots\19e1b1c9-ea41-41f9-ba65-17882172d2f4.png</reference>
  <statecode>0</statecode>
  <statuscode>1</statuscode>
  <type>ControlRepositoryImageFile</type>
</desktopflowbinary>