<desktopflowbinary desktopflowbinaryid="4a3c3d25-d23b-4d60-9776-01f7e12b1c3b">
  <data mimetype="image/png">ImageRepositoryImageFile_4a3c3d25-d23b-4d60-9776-01f7e12b1c3b.png</data>
  <iscustomizable>1</iscustomizable>
  <metadata>{}</metadata>
  <mimetype>image/png</mimetype>
  <name>Desktop flow image screenshot</name>
  <process>
    <workflowid>da1ee801-7949-4530-a869-2067daae977d</workflowid>
  </process>
  <reference>imageRepo-screenshots\6c47a6d7-d466-402d-89bc-254a8faab5de.png</reference>
  <statecode>0</statecode>
  <statuscode>1</statuscode>
  <type>ImageRepositoryImageFile</type>
</desktopflowbinary>