<desktopflowbinary desktopflowbinaryid="dcb8fb2f-e277-4f5a-adcd-bbed1d70ec53">
  <data mimetype="image/png">ControlRepositoryImageFile_dcb8fb2f-e277-4f5a-adcd-bbed1d70ec53.png</data>
  <iscustomizable>1</iscustomizable>
  <metadata>{}</metadata>
  <mimetype>image/png</mimetype>
  <name>Desktop flow ui element screenshot</name>
  <process>
    <workflowid>da1ee801-7949-4530-a869-2067daae977d</workflowid>
  </process>
  <reference>controlRepo-screenshots\f0d6a03b-be43-4022-868f-3f4fd4df09f1.png</reference>
  <statecode>0</statecode>
  <statuscode>1</statuscode>
  <type>ControlRepositoryImageFile</type>
</desktopflowbinary>