<desktopflowbinary desktopflowbinaryid="ed22fcfa-bcd5-4839-b290-aa0cf1538cd7">
  <data mimetype="image/png">ControlRepositoryImageFile_ed22fcfa-bcd5-4839-b290-aa0cf1538cd7.png</data>
  <iscustomizable>1</iscustomizable>
  <metadata>{}</metadata>
  <mimetype>image/png</mimetype>
  <name>Desktop flow ui element screenshot</name>
  <process>
    <workflowid>da1ee801-7949-4530-a869-2067daae977d</workflowid>
  </process>
  <reference>controlRepo-screenshots\ed1fa06a-02ad-4079-85e6-c0b8335917c4.png</reference>
  <statecode>0</statecode>
  <statuscode>1</statuscode>
  <type>ControlRepositoryImageFile</type>
</desktopflowbinary>