<desktopflowbinary desktopflowbinaryid="52a7c0c0-f2a3-41d1-ab89-5fecb416c7e3">
  <data mimetype="image/png">ControlRepositoryImageFile_52a7c0c0-f2a3-41d1-ab89-5fecb416c7e3.png</data>
  <iscustomizable>1</iscustomizable>
  <metadata>{}</metadata>
  <mimetype>image/png</mimetype>
  <name>Desktop flow ui element screenshot</name>
  <process>
    <workflowid>da1ee801-7949-4530-a869-2067daae977d</workflowid>
  </process>
  <reference>controlRepo-screenshots\0580e45a-6c0d-4504-b907-3922450378bd.png</reference>
  <statecode>0</statecode>
  <statuscode>1</statuscode>
  <type>ControlRepositoryImageFile</type>
</desktopflowbinary>