<desktopflowbinary desktopflowbinaryid="42fd42bc-a603-4832-b5ae-22960296c928">
  <data mimetype="image/png">ControlRepositoryImageFile_42fd42bc-a603-4832-b5ae-22960296c928.png</data>
  <iscustomizable>1</iscustomizable>
  <metadata>{}</metadata>
  <mimetype>image/png</mimetype>
  <name>Desktop flow ui element screenshot</name>
  <process>
    <workflowid>da1ee801-7949-4530-a869-2067daae977d</workflowid>
  </process>
  <reference>controlRepo-screenshots\3a64bf20-4338-4ba8-b8a9-08f10c9a8954.png</reference>
  <statecode>0</statecode>
  <statuscode>1</statuscode>
  <type>ControlRepositoryImageFile</type>
</desktopflowbinary>