<desktopflowbinary desktopflowbinaryid="791bf706-b318-4c3a-98e1-44f765d1782b">
  <data mimetype="image/png">ControlRepositoryImageFile_791bf706-b318-4c3a-98e1-44f765d1782b.png</data>
  <iscustomizable>1</iscustomizable>
  <metadata>{}</metadata>
  <mimetype>image/png</mimetype>
  <name>Desktop flow ui element screenshot</name>
  <process>
    <workflowid>da1ee801-7949-4530-a869-2067daae977d</workflowid>
  </process>
  <reference>controlRepo-screenshots\f22037f2-6a23-4176-a215-93207ac674ef.png</reference>
  <statecode>0</statecode>
  <statuscode>1</statuscode>
  <type>ControlRepositoryImageFile</type>
</desktopflowbinary>