<desktopflowbinary desktopflowbinaryid="5fe445b9-9c6c-46f4-ac3f-bf6eceea85b8">
  <data mimetype="image/png">ControlRepositoryImageFile_5fe445b9-9c6c-46f4-ac3f-bf6eceea85b8.png</data>
  <iscustomizable>1</iscustomizable>
  <metadata>{}</metadata>
  <mimetype>image/png</mimetype>
  <name>Desktop flow ui element screenshot</name>
  <process>
    <workflowid>da1ee801-7949-4530-a869-2067daae977d</workflowid>
  </process>
  <reference>controlRepo-screenshots\35b933e8-0f4b-45a0-bbd2-a40134931389.png</reference>
  <statecode>0</statecode>
  <statuscode>1</statuscode>
  <type>ControlRepositoryImageFile</type>
</desktopflowbinary>