<desktopflowbinary desktopflowbinaryid="53f48864-933e-4ff0-801a-417d7cb0b527">
  <data mimetype="image/png">ControlRepositoryImageFile_53f48864-933e-4ff0-801a-417d7cb0b527.png</data>
  <iscustomizable>1</iscustomizable>
  <metadata>{}</metadata>
  <mimetype>image/png</mimetype>
  <name>Desktop flow ui element screenshot</name>
  <process>
    <workflowid>da1ee801-7949-4530-a869-2067daae977d</workflowid>
  </process>
  <reference>controlRepo-screenshots\ca428ec5-a22e-4dbf-b957-fb6d32579f07.png</reference>
  <statecode>0</statecode>
  <statuscode>1</statuscode>
  <type>ControlRepositoryImageFile</type>
</desktopflowbinary>