<desktopflowbinary desktopflowbinaryid="33f318e1-8447-4611-ab4d-4044498d271f">
  <data mimetype="image/png">ControlRepositoryImageFile_33f318e1-8447-4611-ab4d-4044498d271f.png</data>
  <iscustomizable>1</iscustomizable>
  <metadata>{}</metadata>
  <mimetype>image/png</mimetype>
  <name>Desktop flow ui element screenshot</name>
  <process>
    <workflowid>da1ee801-7949-4530-a869-2067daae977d</workflowid>
  </process>
  <reference>controlRepo-screenshots\89034627-fa8a-4c09-a978-1f1dc014aee7.png</reference>
  <statecode>0</statecode>
  <statuscode>1</statuscode>
  <type>ControlRepositoryImageFile</type>
</desktopflowbinary>