<desktopflowbinary desktopflowbinaryid="a4ac07e9-d15a-4c0d-810b-14a80ed237aa">
  <data mimetype="image/png">ControlRepositoryImageFile_a4ac07e9-d15a-4c0d-810b-14a80ed237aa.png</data>
  <iscustomizable>1</iscustomizable>
  <metadata>{}</metadata>
  <mimetype>image/png</mimetype>
  <name>Desktop flow ui element screenshot</name>
  <process>
    <workflowid>da1ee801-7949-4530-a869-2067daae977d</workflowid>
  </process>
  <reference>controlRepo-screenshots\6ae0b2e1-7379-406e-9e59-5f85639405c4.png</reference>
  <statecode>0</statecode>
  <statuscode>1</statuscode>
  <type>ControlRepositoryImageFile</type>
</desktopflowbinary>