<desktopflowbinary desktopflowbinaryid="c8e738ba-f713-42c6-9d20-9e05aa447629">
  <data mimetype="image/png">ControlRepositoryImageFile_c8e738ba-f713-42c6-9d20-9e05aa447629.png</data>
  <iscustomizable>1</iscustomizable>
  <metadata>{}</metadata>
  <mimetype>image/png</mimetype>
  <name>Desktop flow ui element screenshot</name>
  <process>
    <workflowid>da1ee801-7949-4530-a869-2067daae977d</workflowid>
  </process>
  <reference>controlRepo-screenshots\ad98f7be-83fe-4fe5-abbf-53c33b93b872.png</reference>
  <statecode>0</statecode>
  <statuscode>1</statuscode>
  <type>ControlRepositoryImageFile</type>
</desktopflowbinary>