<desktopflowbinary desktopflowbinaryid="038a92a3-41ac-4891-ba72-64669084e78c">
  <data mimetype="image/png">ImageRepositoryImageFile_038a92a3-41ac-4891-ba72-64669084e78c.png</data>
  <iscustomizable>1</iscustomizable>
  <metadata>{}</metadata>
  <mimetype>image/png</mimetype>
  <name>Desktop flow image screenshot</name>
  <process>
    <workflowid>da1ee801-7949-4530-a869-2067daae977d</workflowid>
  </process>
  <reference>imageRepo-screenshots\1c394cbf-b768-4d5b-83f4-9db5d4910355.png</reference>
  <statecode>0</statecode>
  <statuscode>1</statuscode>
  <type>ImageRepositoryImageFile</type>
</desktopflowbinary>