<desktopflowbinary desktopflowbinaryid="386a300f-fa27-4894-b17b-291a79b7b59b">
  <data mimetype="image/png">ControlRepositoryImageFile_386a300f-fa27-4894-b17b-291a79b7b59b.png</data>
  <iscustomizable>1</iscustomizable>
  <metadata>{}</metadata>
  <mimetype>image/png</mimetype>
  <name>Desktop flow ui element screenshot</name>
  <process>
    <workflowid>da1ee801-7949-4530-a869-2067daae977d</workflowid>
  </process>
  <reference>controlRepo-screenshots\d557ed9c-2f15-45b0-95f8-6a378d5816cf.png</reference>
  <statecode>0</statecode>
  <statuscode>1</statuscode>
  <type>ControlRepositoryImageFile</type>
</desktopflowbinary>