<desktopflowbinary desktopflowbinaryid="efb9e99d-c045-4a69-9e64-52234e7ef8b7">
  <data mimetype="image/png">ControlRepositoryImageFile_efb9e99d-c045-4a69-9e64-52234e7ef8b7.png</data>
  <iscustomizable>1</iscustomizable>
  <metadata>{}</metadata>
  <mimetype>image/png</mimetype>
  <name>Desktop flow ui element screenshot</name>
  <process>
    <workflowid>da1ee801-7949-4530-a869-2067daae977d</workflowid>
  </process>
  <reference>controlRepo-screenshots\75f81c8b-825c-464e-a855-43eb0bfed5c4.png</reference>
  <statecode>0</statecode>
  <statuscode>1</statuscode>
  <type>ControlRepositoryImageFile</type>
</desktopflowbinary>