<desktopflowbinary desktopflowbinaryid="045294dc-7835-4a56-a64c-39de1e0d390e">
  <data mimetype="image/png">ControlRepositoryImageFile_045294dc-7835-4a56-a64c-39de1e0d390e.png</data>
  <iscustomizable>1</iscustomizable>
  <metadata>{}</metadata>
  <mimetype>image/png</mimetype>
  <name>Desktop flow ui element screenshot</name>
  <process>
    <workflowid>da1ee801-7949-4530-a869-2067daae977d</workflowid>
  </process>
  <reference>controlRepo-screenshots\7f8e64a8-474f-481b-8cb7-6520e6b97ffd.png</reference>
  <statecode>0</statecode>
  <statuscode>1</statuscode>
  <type>ControlRepositoryImageFile</type>
</desktopflowbinary>