<desktopflowbinary desktopflowbinaryid="f201f750-551a-4bd7-9437-6b411864f111">
  <data mimetype="image/png">ControlRepositoryImageFile_f201f750-551a-4bd7-9437-6b411864f111.png</data>
  <iscustomizable>1</iscustomizable>
  <metadata>{}</metadata>
  <mimetype>image/png</mimetype>
  <name>Desktop flow ui element screenshot</name>
  <process>
    <workflowid>da1ee801-7949-4530-a869-2067daae977d</workflowid>
  </process>
  <reference>controlRepo-screenshots\d9b3dd64-5b3d-4443-89a4-ab60e00461c8.png</reference>
  <statecode>0</statecode>
  <statuscode>1</statuscode>
  <type>ControlRepositoryImageFile</type>
</desktopflowbinary>